count,delta,accelx,accely,accelz,pos1x,pos1y,pos1z,pos2x,pos2y,pos2z,gforcex,gforcey,gforcez,movementType
3.040000,0.020000,-9.615778,-1.615644,-1.078228,-0.839756,0.901662,-6.858068,-0.839749,0.901682,-6.858157,-0.980168,-0.164590,-0.110366,Transition
3.060000,0.020000,-9.539566,-1.673048,-0.663350,-0.837828,0.899355,-6.851757,-0.839756,0.901662,-6.858068,-0.982258,-0.158786,-0.099786,Walking
3.080000,0.020000,-9.031786,-1.575462,-0.612351,-0.824872,0.895928,-6.848907,-0.837828,0.899355,-6.851757,-0.986708,-0.143131,-0.076947,Walking
3.100000,0.020000,-9.037997,-1.407802,-0.355624,-0.811111,0.891337,-6.845973,-0.824872,0.895928,-6.848907,-0.991439,-0.120108,-0.051208,Walking
3.120000,0.020000,-9.040021,-1.186892,-0.057429,-0.796588,0.885554,-6.842587,-0.811111,0.891337,-6.845973,-0.995536,-0.091514,-0.023107,Walking
3.140000,0.020000,-9.013119,-0.904021,0.270702,-0.780990,0.878937,-6.838582,-0.796588,0.885554,-6.842587,-0.998266,-0.058425,0.007177,Walking
3.160000,0.020000,-9.006581,-0.583144,0.757225,-0.765131,0.871384,-6.831518,-0.780990,0.878937,-6.838582,-0.998932,-0.020951,0.041188,Walking
3.180000,0.020000,-8.959889,-0.177271,1.247073,-0.748795,0.863798,-6.822207,-0.765131,0.871384,-6.831518,-0.996609,0.020598,0.079665,Walking
3.200000,0.020000,-8.903811,0.262543,1.877663,-0.732550,0.856326,-6.808568,-0.748795,0.863798,-6.822207,-0.990423,0.064847,0.121890,Walking
3.220000,0.020000,-8.783237,0.718379,2.618333,-0.716050,0.848884,-6.789244,-0.732550,0.856326,-6.808568,-0.979429,0.111157,0.168413,Walking
3.240000,0.020000,-8.618424,1.203617,3.264326,-0.699585,0.841480,-6.766918,-0.716050,0.848884,-6.789244,-0.962454,0.160432,0.218963,Walking
3.260000,0.020000,-8.518823,1.587293,4.307117,-0.685566,0.832860,-6.734284,-0.699585,0.841480,-6.766918,-0.939838,0.205735,0.272722,Walking
3.280000,0.020000,-8.471953,1.910664,4.910304,-0.675888,0.822942,-6.700071,-0.685566,0.832860,-6.734284,-0.912927,0.245319,0.326164,Walking
3.300000,0.020000,-8.820230,2.167866,5.905577,-0.677555,0.813273,-6.653719,-0.675888,0.822942,-6.700071,-0.890610,0.270266,0.365745,Walking
3.320000,0.020000,-9.307980,2.292612,6.299192,-0.689698,0.806450,-6.601477,-0.677555,0.813273,-6.653719,-0.886936,0.268477,0.375851,Walking
3.340000,0.020000,-9.522484,2.212714,6.277218,-0.704289,0.800834,-6.547215,-0.689698,0.806450,-6.601477,-0.896322,0.254182,0.363316,Walking
3.360000,0.020000,-9.642190,2.084003,6.175024,-0.717657,0.796708,-6.488403,-0.704289,0.800834,-6.547215,-0.914762,0.233467,0.329703,Walking
3.380000,0.020000,-9.814948,1.872548,5.764035,-0.729885,0.794078,-6.427948,-0.717657,0.796708,-6.488403,-0.938179,0.204287,0.279441,Walking
3.400000,0.020000,-9.931065,1.672104,5.430135,-0.740427,0.794319,-6.364271,-0.729885,0.794078,-6.427948,-0.958611,0.169220,0.228975,Walking
3.420000,0.020000,-9.945895,1.438100,5.127567,-0.748054,0.797247,-6.296861,-0.740427,0.794319,-6.364271,-0.974978,0.131670,0.179110,Walking
3.440000,0.020000,-9.922247,1.188777,4.744224,-0.752882,0.802094,-6.227444,-0.748054,0.797247,-6.296861,-0.986835,0.096477,0.129806,Walking
3.460000,0.020000,-9.698519,1.048106,4.435828,-0.751602,0.811028,-6.153794,-0.752882,0.802094,-6.227444,-0.995160,0.061307,0.076797,Walking
3.480000,0.020000,-9.560106,0.763093,3.790349,-0.746698,0.821509,-6.081734,-0.751602,0.811028,-6.153794,-0.999521,0.024364,0.019094,Walking
3.500000,0.020000,-9.348749,0.533898,3.187432,-0.737661,0.835216,-6.009957,-0.746698,0.821509,-6.081734,-0.999043,-0.015435,-0.040917,Walking
3.520000,0.020000,-9.123749,0.233006,2.551256,-0.725294,0.850981,-5.938740,-0.737661,0.835216,-6.009957,-0.993078,-0.056601,-0.102915,Walking
3.540000,0.020000,-8.858665,-0.077575,1.881166,-0.709899,0.868524,-5.868752,-0.725294,0.850981,-5.938740,-0.981487,-0.097322,-0.164959,Walking
3.560000,0.020000,-8.569497,-0.381792,1.228876,-0.692092,0.886831,-5.799164,-0.709899,0.868524,-5.868752,-0.964307,-0.132226,-0.229410,Walking
3.580000,0.020000,-8.216476,-0.648228,0.391069,-0.671791,0.905990,-5.733258,-0.692092,0.886831,-5.799164,-0.941035,-0.163731,-0.296049,Walking
3.600000,0.020000,-7.808163,-0.956954,-0.368641,-0.649397,0.926426,-5.669597,-0.671791,0.905990,-5.733258,-0.910075,-0.201705,-0.362049,Walking
3.620000,0.020000,-7.429299,-1.409686,-1.177913,-0.627245,0.947634,-5.610075,-0.649397,0.926426,-5.669597,-0.870225,-0.251795,-0.423448,Walking
3.640000,0.020000,-6.917767,-1.998140,-1.897043,-0.604374,0.969075,-5.554581,-0.627245,0.947634,-5.610075,-0.821745,-0.312967,-0.476222,Walking
3.660000,0.020000,-6.567630,-2.752230,-2.426072,-0.585450,0.989021,-5.501674,-0.604374,0.969075,-5.554581,-0.765936,-0.382213,-0.516967,Walking
3.680000,0.020000,-5.950971,-3.540354,-2.869303,-0.566511,1.007558,-5.451917,-0.585450,0.989021,-5.501674,-0.703150,-0.455375,-0.546089,Walking
3.700000,0.020000,-5.356416,-4.354095,-3.233758,-0.549548,1.023670,-5.405027,-0.566511,1.007558,-5.451917,-0.632474,-0.525962,-0.568631,Walking
3.720000,0.020000,-4.772762,-5.168892,-3.545849,-0.536140,1.035924,-5.360737,-0.549548,1.023670,-5.405027,-0.554861,-0.589356,-0.587187,Walking
3.740000,0.020000,-4.033386,-5.805263,-3.787739,-0.524065,1.045661,-5.317930,-0.536140,1.035924,-5.360737,-0.472694,-0.641397,-0.604294,Walking
3.760000,0.020000,-3.640726,-6.583451,-4.124436,-0.518325,1.046728,-5.279155,-0.524065,1.045661,-5.317930,-0.400379,-0.676535,-0.618059,Walking
3.780000,0.020000,-3.254375,-6.910383,-4.261815,-0.515098,1.045211,-5.241333,-0.518325,1.046728,-5.279155,-0.348190,-0.696688,-0.627208,Walking
3.800000,0.020000,-3.233920,-7.248724,-4.357281,-0.516900,1.039035,-5.204884,-0.515098,1.045211,-5.241333,-0.320473,-0.707437,-0.629944,Walking
3.820000,0.020000,-3.326579,-7.504379,-4.520007,-0.521158,1.027973,-5.171638,-0.516900,1.039035,-5.204884,-0.317397,-0.708589,-0.630207,Walking
3.840000,0.020000,-3.469993,-7.583431,-4.639179,-0.526472,1.014265,-5.140509,-0.521158,1.027973,-5.171638,-0.326635,-0.703166,-0.631560,Walking
3.860000,0.020000,-4.018151,-7.713170,-5.058921,-0.537894,0.996058,-5.118276,-0.526472,1.014265,-5.140509,-0.351381,-0.693455,-0.629008,Walking
3.880000,0.020000,-4.474391,-7.647383,-5.128795,-0.550508,0.976586,-5.099323,-0.537894,0.996058,-5.118276,-0.391813,-0.680302,-0.619413,Walking
3.900000,0.020000,-5.001869,-7.587004,-5.190291,-0.563236,0.954907,-5.084995,-0.550508,0.976586,-5.099323,-0.445001,-0.662900,-0.602112,Walking
3.920000,0.020000,-5.874022,-7.354445,-5.093032,-0.578797,0.932767,-5.075077,-0.563236,0.954907,-5.084995,-0.519470,-0.636847,-0.569717,Walking
3.940000,0.020000,-6.810441,-6.941403,-4.802011,-0.595394,0.911587,-5.069400,-0.578797,0.932767,-5.075077,-0.609642,-0.599632,-0.518438,Walking
3.960000,0.020000,-7.930892,-6.135450,-4.298557,-0.614009,0.895214,-5.068271,-0.595394,0.911587,-5.069400,-0.713570,-0.541979,-0.443934,Walking
3.980000,0.020000,-8.879755,-5.145158,-3.527100,-0.631411,0.882524,-5.070301,-0.614009,0.895214,-5.068271,-0.816484,-0.459801,-0.349195,Walking
4.000000,0.020000,-9.576777,-3.970118,-2.733176,-0.646746,0.874398,-5.076304,-0.631411,0.882524,-5.070301,-0.898062,-0.363283,-0.248013,Walking
4.020000,0.020000,-10.062570,-2.767132,-1.829192,-0.660769,0.870131,-5.084060,-0.646746,0.874398,-5.076304,-0.954275,-0.260328,-0.146932,Walking
4.040000,0.020000,-10.280630,-1.628795,-0.963446,-0.672879,0.868441,-5.093468,-0.660769,0.870131,-5.084060,-0.986252,-0.157421,-0.050262,Walking
4.060000,0.020000,-10.248450,-0.606882,-0.191793,-0.682151,0.868679,-5.103921,-0.672879,0.868441,-5.093468,-0.997439,-0.063075,0.033730,Walking
4.080000,0.020000,-10.077500,0.221344,0.526662,-0.688458,0.869603,-5.112427,-0.682151,0.868679,-5.103921,-0.995120,0.017853,0.097039,Walking
4.100000,0.020000,-9.804873,0.834525,1.139735,-0.690792,0.869625,-5.115558,-0.688458,0.869603,-5.112427,-0.987584,0.084958,0.132139,Walking
4.120000,0.020000,-9.599793,1.297732,1.306545,-0.690585,0.868829,-5.118360,-0.690792,0.869625,-5.115558,-0.979625,0.136344,0.147466,Walking
4.140000,0.020000,-9.398736,1.690779,1.461062,-0.688098,0.867765,-5.120798,-0.690585,0.868829,-5.118360,-0.970751,0.177777,0.161360,Walking
4.160000,0.020000,-9.260158,1.844852,1.762841,-0.684483,0.863919,-5.119923,-0.688098,0.867765,-5.120798,-0.962377,0.207657,0.175241,Walking
4.180000,0.020000,-9.147947,2.027575,1.994983,-0.680159,0.859642,-5.117571,-0.684483,0.863919,-5.119923,-0.954553,0.228485,0.191373,Walking
4.200000,0.020000,-9.086113,2.167982,2.388102,-0.676392,0.854537,-5.111514,-0.680159,0.859642,-5.117571,-0.945410,0.247018,0.212563,Walking
4.220000,0.020000,-9.048446,2.299929,2.857605,-0.673873,0.849013,-5.100968,-0.676392,0.854537,-5.111514,-0.935206,0.262605,0.237548,Walking
4.240000,0.020000,-8.945755,2.415936,3.225903,-0.671409,0.843263,-5.088147,-0.673873,0.849013,-5.100968,-0.924462,0.275576,0.263491,Walking
4.260000,0.020000,-8.863228,2.505770,3.951265,-0.669553,0.836985,-5.065956,-0.671409,0.843263,-5.088147,-0.912949,0.287427,0.289673,Walking
4.280000,0.020000,-8.773231,2.579283,4.409366,-0.668167,0.830417,-5.039708,-0.669553,0.836985,-5.065956,-0.901377,0.296402,0.315697,Walking
4.300000,0.020000,-8.772500,2.548947,5.068824,-0.668669,0.823073,-5.005310,-0.668167,0.830417,-5.039708,-0.891682,0.297262,0.341378,Walking
4.320000,0.020000,-8.935208,2.442163,5.743358,-0.673588,0.815044,-4.961567,-0.668669,0.823073,-5.005310,-0.885755,0.289869,0.362510,Walking
4.340000,0.020000,-9.024649,2.312957,6.124796,-0.680762,0.806824,-4.913146,-0.673588,0.815044,-4.961567,-0.883379,0.277675,0.377543,Walking
4.360000,0.020000,-9.448842,2.284440,6.389037,-0.695381,0.800785,-4.858970,-0.680762,0.806824,-4.913146,-0.888677,0.263643,0.375161,Walking
4.380000,0.020000,-9.568952,2.172803,6.243343,-0.709656,0.795707,-4.803192,-0.695381,0.800785,-4.858970,-0.902669,0.247371,0.352132,Walking
4.400000,0.020000,-9.707055,1.999909,6.012210,-0.722731,0.791671,-4.744350,-0.709656,0.795707,-4.803192,-0.922867,0.224438,0.312961,Walking
4.420000,0.020000,-9.855264,1.830931,5.679349,-0.734359,0.790378,-4.682295,-0.722731,0.791671,-4.744350,-0.945346,0.193230,0.262647,Walking
4.440000,0.020000,-9.968460,1.554397,5.264775,-0.744461,0.790792,-4.618610,-0.734359,0.790378,-4.682295,-0.964666,0.156338,0.212082,Walking
4.460000,0.020000,-9.921299,1.384957,5.058170,-0.750717,0.795040,-4.549306,-0.744461,0.790792,-4.618610,-0.979462,0.119525,0.162382,Walking
4.480000,0.020000,-9.857507,1.139944,4.644037,-0.753615,0.801232,-4.478449,-0.750717,0.795040,-4.549306,-0.990068,0.084645,0.112251,Walking
4.500000,0.020000,-9.665534,0.938371,4.223334,-0.751293,0.810336,-4.405336,-0.753615,0.801232,-4.478449,-0.997109,0.049253,0.057868,Walking
4.520000,0.020000,-9.487091,0.706739,3.595949,-0.744848,0.822226,-4.333284,-0.751293,0.810336,-4.405336,-0.999934,0.011441,-0.000678,Walking
4.540000,0.020000,-9.283544,0.415345,2.972147,-0.734773,0.836314,-4.261813,-0.744848,0.822226,-4.333284,-0.997684,-0.029467,-0.061304,Walking
4.560000,0.020000,-9.036351,0.141322,2.339694,-0.721292,0.852958,-4.190801,-0.734773,0.836314,-4.261813,-0.989851,-0.070424,-0.123436,Walking
4.580000,0.020000,-8.768302,-0.176925,1.663187,-0.705096,0.870755,-4.120885,-0.721292,0.852958,-4.190801,-0.976359,-0.108746,-0.186810,Walking
4.600000,0.020000,-8.453962,-0.460191,0.956229,-0.686342,0.889389,-4.052384,-0.705096,0.870755,-4.120885,-0.957357,-0.141884,-0.251667,Walking
4.620000,0.020000,-4.797027,-1.458822,-4.669300,-0.624664,0.913090,-4.041584,-0.686342,0.889389,-4.052384,-0.803359,-0.269507,-0.531019,Fall
4.640000,0.020000,-3.846970,-0.194241,-4.183468,-0.580085,0.965225,-3.981763,-0.624664,0.913090,-4.041584,-0.619359,-0.285524,-0.731348,Fall
4.660000,0.020000,-4.905423,-0.515159,-3.183366,-0.549121,0.998184,-3.904140,-0.580085,0.965225,-3.981763,-0.657863,-0.220503,-0.720135,Fall
4.680000,0.020000,-5.042209,-3.997601,-2.664630,-0.532690,1.016628,-3.834716,-0.549121,0.998184,-3.904140,-0.597731,-0.501509,-0.625464,Fall
4.700000,0.020000,-7.891331,-5.176664,-5.380260,-0.584851,0.978452,-3.790474,-0.532690,1.016628,-3.834716,-0.538560,-0.333114,-0.773943,Fall
4.720000,0.020000,-4.781683,-2.671584,-4.930078,-0.596992,0.998516,-3.727453,-0.584851,0.978452,-3.790474,-0.425547,-0.374594,-0.823766,Fall
4.740000,0.020000,-4.366181,-7.879288,-4.160586,-0.617366,0.979808,-3.689317,-0.596992,0.998516,-3.727453,-0.341231,-0.707837,-0.618489,Fall
4.760000,0.020000,-4.008806,-8.807165,-4.394392,-0.641643,0.962377,-3.676308,-0.617366,0.979808,-3.689317,-0.284910,-0.808931,-0.514254,Fall
4.780000,0.020000,-3.478436,-9.271128,-2.762996,-0.668583,0.946092,-3.641737,-0.641643,0.962377,-3.676308,-0.217271,-0.862069,-0.457855,Fall
4.800000,0.020000,-3.208634,-8.841763,-1.896959,-0.663367,0.932680,-3.596176,-0.668583,0.946092,-3.641737,-0.353666,-0.832945,-0.425586,Fall
4.820000,0.020000,-4.219822,-9.759030,1.109793,-0.662410,0.912514,-3.549909,-0.663367,0.932680,-3.596176,-0.435032,-0.892018,-0.122687,Fall
4.840000,0.020000,-4.530636,-9.935828,3.224356,-0.659391,0.885088,-3.505095,-0.662410,0.912514,-3.549909,-0.477226,-0.873041,0.100272,Fall
4.860000,0.020000,-4.882621,-9.575136,4.689521,-0.657448,0.856343,-3.456969,-0.659391,0.885088,-3.505095,-0.507620,-0.829550,0.232743,Fall
4.880000,0.020000,-5.074909,-9.456987,5.151389,-0.653408,0.824632,-3.404656,-0.657448,0.856343,-3.456969,-0.537912,-0.802392,0.258491,Fall
4.900000,0.020000,-5.060200,-9.722694,4.938549,-0.644885,0.786492,-3.350832,-0.653408,0.824632,-3.404656,-0.559262,-0.796709,0.229085,Fall
4.920000,0.020000,-4.963302,-9.848694,4.503066,-0.632812,0.747480,-3.294628,-0.644885,0.786492,-3.350832,-0.567474,-0.805104,0.172568,Fall
4.940000,0.020000,-4.658165,-9.962230,3.787889,-0.615954,0.709474,-3.238659,-0.632812,0.747480,-3.294628,-0.560763,-0.821810,0.100860,Fall
4.960000,0.020000,-4.195566,-10.111360,3.115935,-0.592825,0.671472,-3.184514,-0.615954,0.709474,-3.238659,-0.545570,-0.837029,0.041658,Fall
4.980000,0.020000,-2.729992,-9.578526,3.226788,-0.546955,0.646697,-3.144055,-0.592825,0.671472,-3.184514,-0.512079,-0.850127,0.122717,Fall
5.000000,0.020000,-3.568974,-8.725154,3.817517,-0.525863,0.640053,-3.109738,-0.546955,0.646697,-3.144055,-0.471310,-0.855552,0.214236,Fall
5.020000,0.020000,-3.471902,-9.185736,3.299081,-0.509778,0.628475,-3.083116,-0.525863,0.640053,-3.109738,-0.435899,-0.877353,0.200607,Fall
5.040000,0.020000,-3.191987,-10.060340,3.050021,-0.510117,0.608645,-3.061669,-0.509778,0.628475,-3.083116,-0.323653,-0.924449,0.201601,Fall
5.060000,0.020000,-3.356422,-9.684987,1.358210,-0.534270,0.604911,-3.058180,-0.510117,0.608645,-3.061669,-0.219038,-0.968226,0.120666,Fall
5.080000,0.020000,-3.133440,-9.808917,0.091314,-0.561428,0.601446,-3.046600,-0.534270,0.604911,-3.058180,-0.180990,-0.982228,-0.049711,Fall
5.100000,0.020000,-3.129601,-9.937713,-2.948006,-0.602229,0.585421,-3.037520,-0.561428,0.601446,-3.046600,-0.111070,-0.931343,-0.346792,Fall
5.120000,0.020000,-1.798177,-7.627409,-5.834287,-0.622572,0.576904,-3.021897,-0.602229,0.585421,-3.037520,-0.079613,-0.734103,-0.674355,Fall
5.140000,0.020000,-2.076410,-5.035397,-8.002800,-0.638777,0.566022,-3.009371,-0.622572,0.576904,-3.021897,-0.129069,-0.457826,-0.879623,Fall
5.160000,0.020000,-2.104720,-3.036137,-8.350094,-0.650402,0.567718,-2.992880,-0.638777,0.566022,-3.009371,-0.155297,-0.318142,-0.935237,Fall
5.180000,0.020000,-1.590863,-3.657093,-8.700870,-0.656460,0.566309,-2.986106,-0.650402,0.567718,-2.992880,-0.131291,-0.365607,-0.921463,Fall
5.200000,0.020000,-1.285789,-3.328225,-8.586377,-0.656377,0.575525,-2.978707,-0.656460,0.566309,-2.986106,-0.131491,-0.386242,-0.912977,Fall
5.220000,0.020000,-0.204790,-5.521909,-8.630189,-0.640785,0.580313,-2.993736,-0.656377,0.575525,-2.978707,-0.100345,-0.587288,-0.803134,Fall
5.240000,0.020000,-1.472548,-6.493580,-7.796690,-0.663700,0.551791,-2.981802,-0.640785,0.580313,-2.993736,-0.033313,-0.516566,-0.855599,Fall
5.260000,0.020000,-0.781401,-1.264764,-8.996371,-0.662033,0.569849,-2.971162,-0.663700,0.551791,-2.981802,-0.088151,-0.220964,-0.971290,Fall
5.280000,0.020000,-1.440788,-2.464093,-8.815974,-0.660013,0.577802,-2.962366,-0.662033,0.569849,-2.971162,-0.157166,-0.291718,-0.943504,Fall
5.300000,0.020000,-1.616035,-3.215200,-8.935526,-0.655330,0.587751,-2.963279,-0.660013,0.577802,-2.962366,-0.188603,-0.378453,-0.906202,Fall
5.320000,0.020000,-2.128452,-4.299854,-7.316853,-0.650529,0.603412,-2.948632,-0.655330,0.587751,-2.963279,-0.241435,-0.518138,-0.820514,Fall
5.340000,0.020000,-3.897158,-4.889239,-9.919881,-0.672249,0.556880,-2.966180,-0.650529,0.603412,-2.948632,-0.286561,-0.261227,-0.921761,Fall
5.360000,0.020000,-2.129324,-0.572356,-9.124086,-0.673438,0.572401,-2.958784,-0.672249,0.556880,-2.966180,-0.210996,-0.137449,-0.967775,Fall
5.380000,0.020000,-1.480141,-3.127762,-8.908903,-0.666809,0.585803,-2.959727,-0.673438,0.572401,-2.958784,-0.184665,-0.387143,-0.903338,Fall
5.400000,0.020000,-2.200296,-4.081496,-7.641217,-0.665064,0.592746,-2.943566,-0.666809,0.585803,-2.959727,-0.233186,-0.451444,-0.861291,Fall
5.420000,0.020000,-2.442599,-4.574135,-8.952087,-0.663120,0.586096,-2.953145,-0.665064,0.592746,-2.943566,-0.258901,-0.432377,-0.863725,Fall
5.440000,0.020000,-2.562014,-4.562572,-6.721376,-0.662162,0.595724,-2.927594,-0.663120,0.586096,-2.953145,-0.266046,-0.514166,-0.815386,Fall
5.460000,0.020000,-3.511514,-6.096896,-8.448812,-0.691138,0.559452,-2.924949,-0.662162,0.595724,-2.927594,-0.210264,-0.436627,-0.874726,Fall
5.480000,0.020000,-0.681460,-2.623787,-9.978866,-0.682231,0.568950,-2.939741,-0.691138,0.559452,-2.924949,-0.114868,-0.315869,-0.941824,Fall
5.500000,0.020000,-0.638838,-4.487557,-8.175549,-0.675409,0.581568,-2.937026,-0.682231,0.568950,-2.939741,-0.099892,-0.521758,-0.847225,Fall
5.520000,0.020000,-1.133361,-5.617767,-7.774566,-0.670785,0.582956,-2.934999,-0.675409,0.581568,-2.937026,-0.139098,-0.579733,-0.802846,Fall
5.540000,0.020000,-1.151694,-6.108380,-7.648637,-0.667007,0.579732,-2.934258,-0.670785,0.582956,-2.934999,-0.136655,-0.606235,-0.783457,Fall
5.560000,0.020000,-1.318476,-6.016896,-7.881531,-0.668057,0.579548,-2.938864,-0.667007,0.579732,-2.934258,-0.129051,-0.612404,-0.779941,Fall
5.580000,0.020000,-0.789039,-6.466373,-7.317400,-0.658583,0.587695,-2.947526,-0.668057,0.579548,-2.938864,-0.128715,-0.700689,-0.701760,Fall
5.600000,0.020000,-0.981012,-7.847279,-6.123952,-0.656092,0.587299,-2.953825,-0.658583,0.587695,-2.947526,-0.112701,-0.797907,-0.592151,Fall
5.620000,0.020000,-1.290673,-7.821542,-5.882696,-0.662744,0.581923,-2.947747,-0.656092,0.587299,-2.953825,-0.097660,-0.769904,-0.630643,Fall
5.640000,0.020000,-0.905043,-7.131511,-6.650856,-0.663637,0.582045,-2.947271,-0.662744,0.581923,-2.947747,-0.087707,-0.727581,-0.680392,Fall
5.660000,0.020000,-0.488572,-7.191422,-6.856689,-0.659073,0.579061,-2.948568,-0.663637,0.582045,-2.947271,-0.073068,-0.717862,-0.692341,Fall
5.680000,0.020000,-0.654462,-7.136630,-6.449959,-0.658773,0.585083,-2.950338,-0.659073,0.579061,-2.948568,-0.068240,-0.758180,-0.648464,Fall
5.700000,0.020000,-0.442058,-8.071871,-5.924984,-0.655281,0.584156,-2.956683,-0.658773,0.585083,-2.950338,-0.062860,-0.818096,-0.571635,Fall
5.720000,0.020000,-0.862484,-8.026335,-5.671810,-0.663540,0.579647,-2.951494,-0.655281,0.584156,-2.956683,-0.045827,-0.795199,-0.604615,Fall
5.740000,0.020000,-0.423091,-7.358542,-6.555627,-0.664049,0.577628,-2.950840,-0.663540,0.579647,-2.951494,-0.040534,-0.739813,-0.671590,Fall
5.760000,0.020000,-0.417146,-7.086864,-6.475862,-0.663101,0.580348,-2.947918,-0.664049,0.577628,-2.950840,-0.047352,-0.736276,-0.675023,Fall
5.780000,0.020000,-0.495360,-7.436817,-6.277476,-0.661894,0.581951,-2.947894,-0.663101,0.580348,-2.947918,-0.056649,-0.766258,-0.640031,Fall
5.800000,0.020000,-0.562290,-7.674303,-6.080068,-0.662010,0.581768,-2.947557,-0.661894,0.581951,-2.947894,-0.056724,-0.781359,-0.621499,Fall
5.820000,0.020000,-0.544760,-7.682058,-6.118402,-0.662998,0.580797,-2.947092,-0.662010,0.581768,-2.947557,-0.050498,-0.778137,-0.626061,Fall
5.840000,0.020000,-0.501582,-7.493456,-6.384218,-0.663940,0.579007,-2.946385,-0.662998,0.580797,-2.947092,-0.046328,-0.754737,-0.654390,After_fall
5.860000,0.020000,-0.433018,-7.254846,-6.554565,-0.663974,0.579143,-2.945842,-0.663940,0.579007,-2.946385,-0.043967,-0.740228,-0.670917,After_fall
5.880000,0.020000,-0.368689,-7.254999,-6.648303,-0.662520,0.578977,-2.946858,-0.663974,0.579143,-2.945842,-0.044996,-0.738703,-0.672528,After_fall
5.900000,0.020000,-0.520600,-7.234304,-6.479458,-0.663563,0.579972,-2.945361,-0.662520,0.578977,-2.946858,-0.047750,-0.742515,-0.668125,After_fall
5.920000,0.020000,-0.428131,-7.405213,-6.440310,-0.663119,0.579886,-2.945699,-0.663563,0.579972,-2.945361,-0.045907,-0.754423,-0.654781,After_fall
5.940000,0.020000,-0.426917,-7.440167,-6.403430,-0.663183,0.579891,-2.946180,-0.663119,0.579886,-2.945699,-0.043190,-0.758452,-0.650297,After_fall
5.960000,0.020000,-0.417148,-7.441409,-6.378252,-0.663094,0.579746,-2.946009,-0.663183,0.579891,-2.946180,-0.042981,-0.757818,-0.651049,After_fall
5.980000,0.020000,-0.402776,-7.438365,-6.393225,-0.662930,0.579852,-2.946345,-0.663094,0.579746,-2.946009,-0.041894,-0.758784,-0.649994,After_fall
6.000000,0.020000,-0.400703,-7.464559,-6.352602,-0.662719,0.580102,-2.946651,-0.662930,0.579852,-2.946345,-0.041922,-0.762183,-0.646002,After_fall
6.020000,0.020000,-0.418917,-7.491792,-6.315508,-0.662675,0.580167,-2.946656,-0.662719,0.580102,-2.946651,-0.042924,-0.764024,-0.643758,After_fall
6.040000,0.020000,-0.485677,-7.444992,-6.336939,-0.663364,0.580017,-2.945776,-0.662675,0.580167,-2.946656,-0.046000,-0.758155,-0.650450,After_fall
6.060000,0.020000,-0.530777,-7.317506,-6.428081,-0.663650,0.580406,-2.944510,-0.663364,0.580017,-2.945776,-0.052646,-0.747905,-0.661715,After_fall
6.080000,0.020000,-0.551939,-7.286283,-6.484250,-0.663606,0.580895,-2.943838,-0.663650,0.580406,-2.944510,-0.056490,-0.745232,-0.664408,After_fall
6.100000,0.020000,-0.330571,-7.456043,-6.502244,-0.659885,0.582051,-2.948166,-0.663606,0.580895,-2.943838,-0.052663,-0.765935,-0.640757,After_fall
6.120000,0.020000,-0.495966,-7.721953,-6.021230,-0.660710,0.581399,-2.947095,-0.659885,0.582051,-2.948166,-0.046351,-0.783830,-0.619244,After_fall
6.140000,0.020000,-0.463390,-7.673212,-6.071227,-0.660963,0.581699,-2.946989,-0.660710,0.581399,-2.947095,-0.045943,-0.783713,-0.619422,After_fall
6.160000,0.020000,-0.489175,-7.688198,-6.027532,-0.661168,0.581855,-2.946249,-0.660963,0.581699,-2.946989,-0.048825,-0.784506,-0.618196,After_fall
6.180000,0.020000,-0.507527,-7.672442,-6.098020,-0.661317,0.581733,-2.946204,-0.661168,0.581855,-2.946249,-0.050972,-0.781481,-0.621844,After_fall
6.200000,0.020000,-0.550702,-7.623098,-6.088757,-0.662010,0.581776,-2.944975,-0.661317,0.581733,-2.946204,-0.052609,-0.777294,-0.626934,After_fall
6.220000,0.020000,-0.510435,-7.631863,-6.173933,-0.661939,0.581521,-2.945292,-0.662010,0.581776,-2.944975,-0.052394,-0.776664,-0.627732,After_fall
6.240000,0.020000,-0.510153,-7.606840,-6.148174,-0.661876,0.581765,-2.945093,-0.661939,0.581521,-2.945292,-0.052322,-0.776662,-0.627741,After_fall
6.260000,0.020000,-0.529922,-7.616771,-6.154051,-0.661875,0.581836,-2.945071,-0.661876,0.581765,-2.945093,-0.054021,-0.776791,-0.627437,After_fall
6.280000,0.020000,-0.515732,-7.634842,-6.115820,-0.661169,0.582347,-2.945320,-0.661875,0.581836,-2.945071,-0.056172,-0.780875,-0.622157,After_fall
6.300000,0.020000,-0.476540,-7.728632,-6.030642,-0.659740,0.583222,-2.946727,-0.661169,0.582347,-2.945320,-0.055862,-0.792296,-0.607575,After_fall
6.320000,0.020000,-0.547745,-7.811602,-5.957101,-0.660459,0.582073,-2.946123,-0.659740,0.583222,-2.946727,-0.052171,-0.790431,-0.610326,After_fall
6.340000,0.020000,-0.599700,-7.601109,-6.412132,-0.664941,0.577617,-2.945284,-0.660459,0.582073,-2.946123,-0.038287,-0.752123,-0.657910,After_fall
6.360000,0.020000,-0.387540,-7.086586,-6.920805,-0.669441,0.573601,-2.943992,-0.664941,0.577617,-2.945284,-0.016570,-0.701914,-0.712069,After_fall
6.380000,0.020000,-0.120800,-6.706927,-7.211182,-0.671764,0.571971,-2.943523,-0.669441,0.573601,-2.943992,-0.000475,-0.675374,-0.737475,After_fall
6.400000,0.020000,0.066830,-6.579863,-7.310766,-0.672035,0.571632,-2.943920,-0.671764,0.571971,-2.943523,0.008197,-0.669004,-0.743214,After_fall
6.420000,0.020000,0.139144,-6.571842,-7.304218,-0.672281,0.570555,-2.943403,-0.672035,0.571632,-2.943920,0.015437,-0.664421,-0.747199,After_fall
6.440000,0.020000,0.077315,-6.451310,-7.318125,-0.674778,0.570003,-2.941535,-0.672281,0.570555,-2.943403,0.020609,-0.654813,-0.755510,After_fall
6.460000,0.020000,0.092307,-6.335926,-7.406694,-0.677468,0.568781,-2.938923,-0.674778,0.570003,-2.941535,0.023117,-0.639637,-0.768329,After_fall
6.480000,0.020000,0.147348,-6.081135,-7.704393,-0.679690,0.566462,-2.937336,-0.677468,0.568781,-2.938923,0.026350,-0.608070,-0.793446,After_fall
6.500000,0.020000,0.168394,-5.689156,-7.966244,-0.682182,0.564501,-2.935553,-0.679690,0.566462,-2.937336,0.029862,-0.569937,-0.821145,After_fall
6.520000,0.020000,0.238994,-5.375606,-8.167871,-0.683776,0.563250,-2.934100,-0.682182,0.564501,-2.935553,0.032491,-0.541598,-0.840009,After_fall
6.540000,0.020000,0.275454,-5.135925,-8.372744,-0.684674,0.562203,-2.933876,-0.683776,0.563250,-2.934100,0.032655,-0.518205,-0.854633,After_fall
6.560000,0.020000,0.286836,-4.941103,-8.468774,-0.685184,0.561732,-2.933598,-0.684674,0.562203,-2.933876,0.031838,-0.501281,-0.864699,After_fall
6.580000,0.020000,0.261880,-4.836767,-8.504555,-0.685434,0.562455,-2.933494,-0.685184,0.561732,-2.933598,0.027967,-0.496730,-0.867455,After_fall
6.600000,0.020000,0.229394,-4.872222,-8.503298,-0.685254,0.562664,-2.933445,-0.685434,0.562455,-2.933494,0.022470,-0.497720,-0.867047,After_fall
6.620000,0.020000,0.273270,-4.957440,-8.402927,-0.684187,0.563476,-2.932735,-0.685254,0.562664,-2.933445,0.022417,-0.509487,-0.860186,After_fall
6.640000,0.020000,0.275388,-5.138147,-8.378411,-0.682863,0.564767,-2.934021,-0.684187,0.563476,-2.932735,0.021323,-0.530345,-0.847514,After_fall
6.660000,0.020000,0.249780,-5.367920,-8.205475,-0.681397,0.566571,-2.935142,-0.682863,0.564767,-2.934021,0.017990,-0.556384,-0.830731,After_fall
6.680000,0.020000,0.240169,-5.701280,-7.982262,-0.680010,0.568189,-2.936327,-0.681397,0.566571,-2.935142,0.017415,-0.589416,-0.807642,After_fall
6.700000,0.020000,0.236898,-5.998373,-7.778545,-0.678453,0.569340,-2.937578,-0.680010,0.568189,-2.936327,0.016212,-0.617320,-0.786545,After_fall
6.720000,0.020000,0.192597,-6.188972,-7.565225,-0.676893,0.571288,-2.938278,-0.678453,0.569340,-2.937578,0.011681,-0.640813,-0.767608,After_fall
6.740000,0.020000,0.123550,-6.430731,-7.425905,-0.675818,0.571978,-2.939240,-0.676893,0.571288,-2.938278,0.007114,-0.659045,-0.752070,After_fall
6.760000,0.020000,0.092051,-6.565702,-7.281149,-0.675322,0.572656,-2.939705,-0.675818,0.571978,-2.939240,0.006859,-0.672742,-0.739845,After_fall
6.780000,0.020000,0.098166,-6.692540,-7.201481,-0.675112,0.572552,-2.940197,-0.675322,0.572656,-2.939705,0.008935,-0.681689,-0.731588,After_fall
6.800000,0.020000,0.064748,-6.662281,-7.227844,-0.675664,0.572114,-2.940348,-0.675112,0.572552,-2.940197,0.009415,-0.676897,-0.736018,After_fall
6.820000,0.020000,0.072717,-6.601510,-7.219979,-0.676534,0.571638,-2.939205,-0.675664,0.572114,-2.940348,0.011843,-0.670513,-0.741804,After_fall
6.840000,0.020000,0.121680,-6.561617,-7.305301,-0.677561,0.570828,-2.938776,-0.676534,0.571638,-2.939205,0.017640,-0.664742,-0.746865,After_fall
6.860000,0.020000,0.158810,-6.458762,-7.389796,-0.678532,0.569921,-2.938166,-0.677561,0.570828,-2.938776,0.021140,-0.653761,-0.756405,After_fall
6.880000,0.020000,0.190681,-6.334810,-7.479640,-0.679317,0.569402,-2.937583,-0.678532,0.569921,-2.938166,0.023434,-0.643107,-0.765418,After_fall
6.900000,0.020000,0.218754,-6.244184,-7.572264,-0.679917,0.568751,-2.937253,-0.679317,0.569402,-2.937583,0.025360,-0.633192,-0.773579,After_fall
6.920000,0.020000,0.233671,-6.175314,-7.590141,-0.680208,0.568935,-2.936837,-0.679917,0.568751,-2.937253,0.025304,-0.630433,-0.775832,After_fall
6.940000,0.020000,0.208945,-6.144412,-7.689867,-0.680286,0.568692,-2.937551,-0.680208,0.568935,-2.936837,0.021694,-0.625101,-0.780242,After_fall
6.960000,0.020000,0.183521,-6.072379,-7.700961,-0.680167,0.568732,-2.937549,-0.680286,0.568692,-2.937551,0.018105,-0.619202,-0.785023,After_fall
6.980000,0.020000,0.217339,-6.109095,-7.628306,-0.679549,0.569447,-2.937220,-0.680167,0.568732,-2.937549,0.019003,-0.626387,-0.779281,After_fall
7.000000,0.020000,0.218392,-6.227319,-7.591741,-0.679112,0.569516,-2.937562,-0.679549,0.569447,-2.937220,0.020036,-0.635144,-0.772134,After_fall
7.020000,0.020000,0.194620,-6.254627,-7.534319,-0.678692,0.570183,-2.937693,-0.679112,0.569516,-2.937562,0.017697,-0.640977,-0.767356,After_fall
7.040000,0.020000,0.169629,-6.319525,-7.498228,-0.678276,0.570448,-2.937845,-0.678692,0.570183,-2.937693,0.015173,-0.645542,-0.763574,After_fall
7.060000,0.020000,0.144325,-6.350144,-7.470423,-0.678034,0.570772,-2.938004,-0.678276,0.570448,-2.937845,0.013479,-0.648966,-0.760698,After_fall
7.080000,0.020000,0.137903,-6.387442,-7.439341,-0.677609,0.571048,-2.938134,-0.678034,0.570772,-2.938004,0.011890,-0.652519,-0.757679,After_fall
7.100000,0.020000,0.113787,-6.416634,-7.414083,-0.677442,0.571210,-2.938163,-0.677609,0.571048,-2.938134,0.010746,-0.654920,-0.755622,After_fall
7.120000,0.020000,0.079318,-6.411369,-7.439659,-0.677575,0.571223,-2.938477,-0.677442,0.571210,-2.938163,0.008767,-0.653619,-0.756773,After_fall
7.140000,0.020000,0.062423,-6.383160,-7.438743,-0.677667,0.571211,-2.938263,-0.677575,0.571223,-2.938477,0.006832,-0.650618,-0.759374,After_fall
7.160000,0.020000,0.056816,-6.370591,-7.464087,-0.677838,0.571055,-2.938217,-0.677667,0.571211,-2.938263,0.006663,-0.648601,-0.761100,After_fall
7.180000,0.020000,0.062893,-6.349084,-7.481962,-0.678026,0.570892,-2.938159,-0.677838,0.571055,-2.938217,0.007367,-0.646377,-0.762983,After_fall
7.200000,0.020000,0.070437,-6.326662,-7.495367,-0.678168,0.570777,-2.938031,-0.678026,0.570892,-2.938159,0.007906,-0.644331,-0.764706,After_fall
7.220000,0.020000,0.073768,-6.309331,-7.517295,-0.678362,0.570605,-2.938004,-0.678168,0.570777,-2.938031,0.008509,-0.642277,-0.766425,After_fall
7.240000,0.020000,0.083344,-6.287275,-7.528818,-0.678472,0.570508,-2.937903,-0.678362,0.570605,-2.938004,0.009057,-0.640410,-0.767980,After_fall
7.260000,0.020000,0.087086,-6.273999,-7.545159,-0.678579,0.570412,-2.937910,-0.678472,0.570508,-2.937903,0.009422,-0.639066,-0.769094,After_fall
7.280000,0.020000,0.094192,-6.263725,-7.550529,-0.678639,0.570361,-2.937891,-0.678579,0.570412,-2.937910,0.009905,-0.638243,-0.769772,After_fall
7.300000,0.020000,0.098843,-6.258810,-7.554893,-0.678656,0.570339,-2.937903,-0.678639,0.570361,-2.937891,0.010165,-0.637889,-0.770061,After_fall
7.320000,0.020000,0.101668,-6.258709,-7.554122,-0.678633,0.570352,-2.937928,-0.678656,0.570339,-2.937903,0.010243,-0.638062,-0.769917,After_fall
7.340000,0.020000,0.102735,-6.263258,-7.550216,-0.678587,0.570386,-2.937966,-0.678633,0.570352,-2.937928,0.010238,-0.638628,-0.769448,After_fall
7.360000,0.020000,0.102816,-6.269974,-7.544171,-0.678531,0.570431,-2.938005,-0.678587,0.570386,-2.937966,0.010196,-0.639370,-0.768832,After_fall
7.380000,0.020000,0.101656,-6.277083,-7.537590,-0.678479,0.570477,-2.938031,-0.678531,0.570431,-2.938005,0.010097,-0.640099,-0.768227,After_fall
7.400000,0.020000,0.099517,-6.283294,-7.532300,-0.678441,0.570510,-2.938044,-0.678479,0.570477,-2.938031,0.009950,-0.640672,-0.767750,After_fall
7.420000,0.020000,0.097316,-6.287281,-7.529131,-0.678422,0.570529,-2.938047,-0.678441,0.570510,-2.938044,0.009824,-0.640999,-0.767479,After_fall
7.440000,0.020000,0.095627,-6.288830,-7.528145,-0.678424,0.570528,-2.938041,-0.678422,0.570529,-2.938047,0.009762,-0.641060,-0.767429,After_fall
7.460000,0.020000,0.094981,-6.287843,-7.529183,-0.678439,0.570518,-2.938030,-0.678424,0.570528,-2.938041,0.009756,-0.640910,-0.767554,After_fall
7.480000,0.020000,0.094856,-6.285684,-7.531194,-0.678461,0.570499,-2.938017,-0.678439,0.570518,-2.938030,0.009781,-0.640648,-0.767773,After_fall
7.500000,0.020000,0.095329,-6.282746,-7.533583,-0.678481,0.570484,-2.938005,-0.678461,0.570499,-2.938017,0.009818,-0.640364,-0.768009,After_fall
7.520000,0.020000,0.095952,-6.280270,-7.535649,-0.678495,0.570472,-2.937997,-0.678481,0.570484,-2.938005,0.009855,-0.640128,-0.768205,After_fall
7.540000,0.020000,0.096514,-6.278537,-7.536998,-0.678502,0.570466,-2.937991,-0.678495,0.570472,-2.937997,0.009874,-0.639983,-0.768325,After_fall
7.560000,0.020000,0.096896,-6.277740,-7.537665,-0.678502,0.570467,-2.937992,-0.678502,0.570466,-2.937991,0.009876,-0.639938,-0.768363,After_fall
7.580000,0.020000,0.097075,-6.277989,-7.537416,-0.678496,0.570470,-2.937994,-0.678502,0.570467,-2.937992,0.009863,-0.639978,-0.768330,After_fall
7.600000,0.020000,0.096945,-6.278706,-7.536728,-0.678486,0.570479,-2.937998,-0.678496,0.570470,-2.937994,0.009834,-0.640077,-0.768248,After_fall
7.620000,0.020000,0.096686,-6.279961,-7.535690,-0.678474,0.570489,-2.938003,-0.678486,0.570479,-2.937998,0.009797,-0.640209,-0.768139,After_fall
7.640000,0.020000,0.096264,-6.281300,-7.534610,-0.678464,0.570499,-2.938008,-0.678474,0.570489,-2.938003,0.009758,-0.640344,-0.768026,After_fall
7.660000,0.020000,0.095784,-6.282537,-7.533495,-0.678456,0.570506,-2.938010,-0.678464,0.570499,-2.938008,0.009722,-0.640459,-0.767931,After_fall
7.680000,0.020000,0.095317,-6.283440,-7.532842,-0.678451,0.570510,-2.938012,-0.678456,0.570506,-2.938010,0.009692,-0.640537,-0.767867,After_fall
7.700000,0.020000,0.094953,-6.283915,-7.532477,-0.678449,0.570512,-2.938011,-0.678451,0.570510,-2.938012,0.009671,-0.640571,-0.767838,After_fall
7.720000,0.020000,0.094721,-6.283975,-7.532410,-0.678450,0.570512,-2.938009,-0.678449,0.570512,-2.938011,0.009662,-0.640565,-0.767843,After_fall
7.740000,0.020000,0.094601,-6.283703,-7.532769,-0.678455,0.570508,-2.938006,-0.678450,0.570512,-2.938009,0.009666,-0.640521,-0.767880,After_fall
7.760000,0.020000,0.094662,-6.283064,-7.533333,-0.678461,0.570503,-2.938003,-0.678455,0.570508,-2.938006,0.009680,-0.640449,-0.767940,After_fall
7.780000,0.020000,0.094795,-6.282273,-7.533966,-0.678468,0.570497,-2.937999,-0.678461,0.570503,-2.938003,0.009700,-0.640364,-0.768010,After_fall
7.800000,0.020000,0.095045,-6.281429,-7.534722,-0.678474,0.570492,-2.937996,-0.678468,0.570497,-2.937999,0.009719,-0.640283,-0.768078,After_fall
